{
    "81bab96a-bca2-481f": {
        "x": 0,
        "y": 0,
        "width": 1879,
        "height": 1003,
        "top": 0,
        "right": 1879,
        "bottom": 1003,
        "left": 0
    },
    "ae5a094d-62e8-493d": {
        "x": 0,
        "y": 0,
        "width": 1879,
        "height": 1003,
        "top": 0,
        "right": 1879,
        "bottom": 1003,
        "left": 0
    },
    "812b7c13-4395-4b1e": {
        "x": 531.859375,
        "y": 379.421875,
        "width": 815.28125,
        "height": 244.140625,
        "top": 379.421875,
        "right": 1347.140625,
        "bottom": 623.5625,
        "left": 531.859375
    },
    "4ce56faf-fe2c-4f6c": {
        "x": 531.859375,
        "y": 422.296875,
        "width": 815.28125,
        "height": 76.796875,
        "top": 422.296875,
        "right": 1347.140625,
        "bottom": 499.09375,
        "left": 531.859375
    },
    "b7801188-d244-4153": {
        "x": 531.859375,
        "y": 541.96875,
        "width": 815.28125,
        "height": 57.59375,
        "top": 541.96875,
        "right": 1347.140625,
        "bottom": 599.5625,
        "left": 531.859375
    }
}