{
    "8bc83585-ab5c-4f05": {
        "x": 0,
        "y": 0,
        "width": 1879,
        "height": 537,
        "top": 0,
        "right": 1879,
        "bottom": 537,
        "left": 0
    },
    "6dcd2766-5839-4d5f": {
        "x": 0,
        "y": 0,
        "width": 1879,
        "height": 537,
        "top": 0,
        "right": 1879,
        "bottom": 537,
        "left": 0
    },
    "b04553fc-0419-4993": {
        "x": 0,
        "y": 0,
        "width": 1879,
        "height": 537,
        "top": 0,
        "right": 1879,
        "bottom": 537,
        "left": 0
    },
    "7cfc5da5-5ad6-4219": {
        "x": 618.5,
        "y": 12,
        "width": 642,
        "height": 162,
        "top": 12,
        "right": 1260.5,
        "bottom": 174,
        "left": 618.5
    },
    "82ca3f5e-3986-415a": {
        "x": 619.5,
        "y": 174,
        "width": 640,
        "height": 363,
        "top": 174,
        "right": 1259.5,
        "bottom": 537,
        "left": 619.5
    },
    "5dac6d81-e840-4dc4": {
        "x": 619.5,
        "y": 186,
        "width": 640,
        "height": 243,
        "top": 186,
        "right": 1259.5,
        "bottom": 429,
        "left": 619.5
    },
    "516762a6-6287-4315": {
        "x": 619.5,
        "y": 186,
        "width": 640,
        "height": 243,
        "top": 186,
        "right": 1259.5,
        "bottom": 429,
        "left": 619.5
    },
    "86e547d8-3448-409c": {
        "x": 619.5,
        "y": 186,
        "width": 640,
        "height": 10,
        "top": 186,
        "right": 1259.5,
        "bottom": 196,
        "left": 619.5
    },
    "ddba04a6-8e49-4718": {
        "x": 644.5,
        "y": 223,
        "width": 590,
        "height": 56,
        "top": 223,
        "right": 1234.5,
        "bottom": 279,
        "left": 644.5
    },
    "5a1a0f18-1d26-4263": {
        "x": 644.5,
        "y": 279,
        "width": 590,
        "height": 80,
        "top": 279,
        "right": 1234.5,
        "bottom": 359,
        "left": 644.5
    },
    "31cc3f95-ee4b-40b6": {
        "x": 644.5,
        "y": 384,
        "width": 590,
        "height": 20,
        "top": 384,
        "right": 1234.5,
        "bottom": 404,
        "left": 644.5
    },
    "b6b837a1-2792-4db7": {
        "x": 644.5,
        "y": 385,
        "width": 156.265625,
        "height": 17,
        "top": 385,
        "right": 800.765625,
        "bottom": 402,
        "left": 644.5
    },
    "74583536-ac01-431c": {
        "x": 619.5,
        "y": 445,
        "width": 640,
        "height": 68,
        "top": 445,
        "right": 1259.5,
        "bottom": 513,
        "left": 619.5
    },
    "65ccbf64-534f-4b19": {
        "x": 619.5,
        "y": 445,
        "width": 640,
        "height": 14,
        "top": 445,
        "right": 1259.5,
        "bottom": 459,
        "left": 619.5
    },
    "f9c6c3f5-60b7-449e": {
        "x": 1015.703125,
        "y": 445,
        "width": 72.296875,
        "height": 14,
        "top": 445,
        "right": 1088,
        "bottom": 459,
        "left": 1015.703125
    },
    "c37efbcb-04a2-401d": {
        "x": 619.5,
        "y": 483,
        "width": 640,
        "height": 30,
        "top": 483,
        "right": 1259.5,
        "bottom": 513,
        "left": 619.5
    },
    "84cbcbe8-69a8-45e0": {
        "x": 870.59375,
        "y": 492,
        "width": 137.796875,
        "height": 19,
        "top": 492,
        "right": 1008.390625,
        "bottom": 511,
        "left": 870.59375
    },
    "8bbf9776-3d33-4ea8": {
        "x": 870.59375,
        "y": 483,
        "width": 74,
        "height": 24,
        "top": 483,
        "right": 944.59375,
        "bottom": 507,
        "left": 870.59375
    },
    "f96fc32d-3030-4629": {
        "x": 948.5625,
        "y": 480,
        "width": 59.828125,
        "height": 27,
        "top": 480,
        "right": 1008.390625,
        "bottom": 507,
        "left": 948.5625
    }
}